{
    "multipart": [
        {   "when": { "up": true, "down": true, "north": false, "south": false, "east": false, "west": false },
            "apply": { "model": "item/wonder_furniture/minesweeper/bomb" }
        },
        {   "when": { "up": true, "down": true, "north": true, "south": true, "east": true, "west": false },
            "apply": { "model": "item/wonder_furniture/minesweeper/explode" }
        },
        {   "when": { "up": true, "down": true, "north": true, "south": true, "east": true, "west": true },
            "apply": { "model": "item/wonder_furniture/minesweeper/0" }
        },
        {   "when": { "up": true, "down": true, "north": true, "south": false, "east": false, "west": false },
            "apply": { "model": "item/wonder_furniture/minesweeper/1" }
        },
        {   "when": { "up": true, "down": true, "north": false, "south": true, "east": false, "west": false },
            "apply": { "model": "item/wonder_furniture/minesweeper/2" }
        },
        {   "when": { "up": true, "down": true, "north": false, "south": false, "east": true, "west": false },
            "apply": { "model": "item/wonder_furniture/minesweeper/3" }
        },
        {   "when": { "up": true, "down": true, "north": false, "south": false, "east": false, "west": true },
            "apply": { "model": "item/wonder_furniture/minesweeper/4" }
        },
        {   "when": { "up": true, "down": true, "north": true, "south": true, "east": false, "west": false },
            "apply": { "model": "item/wonder_furniture/minesweeper/5" }
        },
        {   "when": { "up": true, "down": true, "north": false, "south": true, "east": true, "west": false },
            "apply": { "model": "item/wonder_furniture/minesweeper/6" }
        },
        {   "when": { "up": true, "down": true, "north": false, "south": false, "east": true, "west": true },
            "apply": { "model": "item/wonder_furniture/minesweeper/7" }
        },
        {   "when": { "up": true, "down": true, "north": true, "south": false, "east": false, "west": true },
            "apply": { "model": "item/wonder_furniture/minesweeper/8" }
        },
        {   "when": { "north": true },
            "apply": { "model": "block/mushroom_stem" }
        },
        {   "when": { "east": true },
            "apply": { "model": "block/mushroom_stem", "y": 90, "uvlock": true }
        },
        {   "when": { "south": true },
            "apply": { "model": "block/mushroom_stem", "y": 180, "uvlock": true }
        },
        {   "when": { "west": true },
            "apply": { "model": "block/mushroom_stem", "y": 270, "uvlock": true }
        },
        {   "when": { "up": true },
            "apply": { "model": "block/mushroom_stem", "x": 270, "uvlock": true }
        },
        {   "when": { "down": true },
            "apply": { "model": "block/mushroom_stem", "x": 90, "uvlock": true }
        },
        {   "when": { "north": false },
            "apply": { "model": "block/mushroom_block_inside" }
        },
        {   "when": { "east": false },
            "apply": { "model": "block/mushroom_block_inside", "y": 90, "uvlock": false }
        },
        {   "when": { "south": false },
            "apply": { "model": "block/mushroom_block_inside", "y": 180, "uvlock": false }
        },
        {   "when": { "west": false },
            "apply": { "model": "block/mushroom_block_inside", "y": 270, "uvlock": false }
        },
        {   "when": { "up": false },
            "apply": { "model": "block/mushroom_block_inside", "x": 270, "uvlock": false }
        },
        {   "when": { "down": false },
            "apply": { "model": "block/mushroom_block_inside", "x": 90, "uvlock": false }
        }
    ]
}
