{
    "multipart": [
        {   "when": { "east": false, "north": false, "south": false, "west": false},
            "apply": [{ "model": "block/glass_pane_center"}]
        },
        {   "when": { "east": false, "north": false, "south": false, "west": false},
            "apply": [{ "model": "block/glass_pane_center_alt"}]
        },


        {   "when": { "east": false, "north": true, "south": false, "west": false},
            "apply": [{ "model": "block/glass_pane_center_alt"}]
        },
        {   "when": { "east": true, "north": false, "south": false, "west": false},
            "apply": [{ "model": "block/glass_pane_center_alt", "y": 90}]
        },
        {   "when": { "east": false, "north": false, "south": true, "west": false},
            "apply": [{ "model": "block/glass_pane_center_alt", "y": 180}]
        },
        {   "when": { "east": false, "north": false, "south": false, "west": true},
            "apply": [{ "model": "block/glass_pane_center_alt", "y": 270}]
        },
        {   "when": { "east": true, "north": true, "south": false, "west": false},
            "apply": { "model": "block/glass_pane_center"}
        },
        {   "when": { "east": true, "north": false, "south": true, "west": false},
            "apply": { "model": "block/glass_pane_center", "y": 90}
        },
        {   "when": { "east": false, "north": false, "south": true, "west": true},
            "apply": { "model": "block/glass_pane_center", "y": 180}
        },
        {   "when": { "east": false, "north": true, "south": false, "west": true},
            "apply": { "model": "block/glass_pane_center", "y": 270}
        },
        {   "when": { "east": false, "north": true, "south": true, "west": false},
            "apply": { "model": "block/glass_pane_center"}
        },
        {   "when": { "east": true, "north": false, "south": false, "west": true},
            "apply": { "model": "block/glass_pane_center", "y": 90}
        },

        {   "when": { "east": true, "north": true, "south": true, "west": false},
            "apply": { "model": "block/glass_pane_center"}
        },
        {   "when": { "east": true, "north": false, "south": true, "west": true},
            "apply": { "model": "block/glass_pane_center", "y": 90}
        },
        {   "when": { "east": false, "north": true, "south": true, "west": true},
            "apply": { "model": "block/glass_pane_center", "y": 180}
        },
        {   "when": { "east": true, "north": true, "south": false, "west": true},
            "apply": { "model": "block/glass_pane_center", "y": 270}
        },
        {   "when": { "east": true, "north": true, "south": true, "west": true},
            "apply": { "model": "block/glass_pane_center"}
        },



        {   "when": { "north": true },
            "apply": { "model": "block/glass_pane_side" }
        },
        {   "when": { "east": true },
            "apply": { "model": "block/glass_pane_side", "y": 90 }
        },
        {   "when": { "south": true },
            "apply": { "model": "block/glass_pane_side", "y": 180 }
        },
        {   "when": { "west": true },
            "apply": { "model": "block/glass_pane_side", "y": 270 }
        }
    ]
}