{
    "variants": {
        "facing=north": [
			 { "model": "block/ladder", "weight": 15 },
			 { "model": "block/ladder_1", "weight": 2 },
			 { "model": "block/ladder_2", "weight": 2 }
	],
        "facing=east":  [
			 { "model": "block/ladder", "y": 90, "weight": 15 },
			 { "model": "block/ladder_1", "y": 90, "weight": 2 },
			 { "model": "block/ladder_2", "y": 90, "weight": 2 }
	],
        "facing=south": [
			 { "model": "block/ladder", "y": 180, "weight": 15 },
			 { "model": "block/ladder_1", "y": 180, "weight": 2 },
			 { "model": "block/ladder_2", "y": 180, "weight": 2 }
	],
        "facing=west":  [
			 { "model": "block/ladder", "y": 270, "weight": 15 },
			 { "model": "block/ladder_1", "y": 270, "weight": 2 },
			 { "model": "block/ladder_2", "y": 270, "weight": 2 }
	]
    }
}
