{
    "variants": {
        "powered=false,shape=north_south":  [
{ "model": "block/detector_rail_flat", "weight": 10 },
{ "model": "block/detector_rail_flat_1", "weight": 1 },
{ "model": "block/detector_rail_flat_2", "weight": 1 }
	],
        "powered=false,shape=east_west":  [
{ "model": "block/detector_rail_flat", "y": 90, "weight": 10 },
{ "model": "block/detector_rail_flat_1", "y": 90, "weight": 1 },
{ "model": "block/detector_rail_flat_2", "y": 90, "weight": 1 }
	],
        "powered=false,shape=ascending_east": [
{ "model": "block/detector_rail_raised", "y": 90, "weight": 10 },
{ "model": "block/detector_rail_raised_1", "y": 90, "weight": 1 },
{ "model": "block/detector_rail_raised_2", "y": 90, "weight": 1 }
	],
        "powered=false,shape=ascending_west": [
{ "model": "block/detector_rail_raised", "y": 270, "weight": 10 },
{ "model": "block/detector_rail_raised_1", "y": 270, "weight": 1 },
{ "model": "block/detector_rail_raised_2", "y": 270, "weight": 1 }
	],
        "powered=false,shape=ascending_north": [
{ "model": "block/detector_rail_raised", "weight": 10 },
{ "model": "block/detector_rail_raised_1", "weight": 1 },
{ "model": "block/detector_rail_raised_2", "weight": 1 }
	],
        "powered=false,shape=ascending_south": [
{ "model": "block/detector_rail_raised", "y": 180, "weight": 10 },
{ "model": "block/detector_rail_raised_1", "y": 180, "weight": 10 },
{ "model": "block/detector_rail_raised_2", "y": 180, "weight": 10 }
	],
        "powered=true,shape=north_south":  [
{ "model": "block/detector_rail_powered_flat", "weight": 10 },
{ "model": "block/detector_rail_powered_flat_1", "weight": 1 },
{ "model": "block/detector_rail_powered_flat_2", "weight": 1 }
	],
        "powered=true,shape=east_west":  [
{ "model": "block/detector_rail_powered_flat", "y": 90, "weight": 10 },
{ "model": "block/detector_rail_powered_flat_1", "y": 90, "weight": 1 },
{ "model": "block/detector_rail_powered_flat_2", "y": 90, "weight": 1 }
	],
        "powered=true,shape=ascending_east": [
{ "model": "block/detector_rail_powered_raised", "y": 90, "weight": 10 },
{ "model": "block/detector_rail_powered_raised_1", "y": 90, "weight": 1 },
{ "model": "block/detector_rail_powered_raised_2", "y": 90, "weight": 1 }
	],
        "powered=true,shape=ascending_west": [
{ "model": "block/detector_rail_powered_raised", "y": 270, "weight": 10 },
{ "model": "block/detector_rail_powered_raised_1", "y": 270, "weight": 1 },
{ "model": "block/detector_rail_powered_raised_2", "y": 270, "weight": 1 }
	],
        "powered=true,shape=ascending_north": [
{ "model": "block/detector_rail_powered_raised", "weight": 10 },
{ "model": "block/detector_rail_powered_raised_1", "weight": 1 },
{ "model": "block/detector_rail_powered_raised_2", "weight": 1 }
	],
        "powered=true,shape=ascending_south": [
{ "model": "block/detector_rail_powered_raised", "y": 180, "weight": 10 },
{ "model": "block/detector_rail_powered_raised_1", "y": 180, "weight": 1 },
{ "model": "block/detector_rail_powered_raised_2", "y": 180, "weight": 1 }
	]
    }
}
