{
    "multipart": [
        {   "apply": { "model": "block/brewing_stand" }},
        {   "when": { "has_bottle_0": "true" },
            "apply": { "model": "block/empty" }
        },
        {   "when": { "has_bottle_1": "true" },
            "apply": { "model": "block/empty" }
        },
        {   "when": { "has_bottle_2": "true" },
            "apply": { "model": "block/empty" }
        },
        {   "when": { "has_bottle_0": "false" },
            "apply": { "model": "block/empty" }
        },
        {   "when": { "has_bottle_1": "false" },
            "apply": { "model": "block/empty" }
        },
        {   "when": { "has_bottle_2": "false" },
            "apply": { "model": "block/empty" }
        }
    ]
}
