{
    "variants": {
        "east=false,north=false,south=false,west=false": { "model": "block/birch_fence_post_3d" },
        "east=false,north=true,south=false,west=false": { "model": "block/birch_fence_n_01" },
        "east=true,north=false,south=false,west=false": { "model": "block/birch_fence_n_02", "y": 90 },
        "east=false,north=false,south=true,west=false": { "model": "block/birch_fence_n_02", "y": 180 },
        "east=false,north=false,south=false,west=true": { "model": "block/birch_fence_n_01", "y": 270 },
        "east=true,north=true,south=false,west=false": { "model": "block/birch_fence_ne" },
        "east=true,north=false,south=true,west=false": { "model": "block/birch_fence_ne_90" },
        "east=false,north=false,south=true,west=true": { "model": "block/birch_fence_ne_180" },
        "east=false,north=true,south=false,west=true": { "model": "block/birch_fence_ne_270" },
        "east=false,north=true,south=true,west=false": { "model": "block/birch_fence_ns" },
        "east=true,north=false,south=false,west=true": { "model": "block/birch_fence_ns", "y": 270 },
        "east=true,north=true,south=true,west=false": { "model": "block/birch_fence_nse" },
        "east=true,north=false,south=true,west=true": { "model": "block/birch_fence_nse_90" },
        "east=false,north=true,south=true,west=true": { "model": "block/birch_fence_nse_180" },
        "east=true,north=true,south=false,west=true": { "model": "block/birch_fence_nse_270" },
        "east=true,north=true,south=true,west=true": { "model": "block/birch_fence_nsew" }
    }
}
